"©2021 Ofcourse All rights reserved.","©2021 Ofcourse All rights reserved."
"A better world through creativity","cde"
"ADDRESS","ADDRESS"
"HOURS","HOURS"
"CONNECT","CONNECT"
"Shop","Shop"
"Contact Us","Contact Us"
"Terms of use","Terms of use"
"Monday-Friday, 10-7PM","Monday-Friday, 10-7PM"
"998 Anbo Rd, Building No.1-401, Yangpu, Shanghai","998 Anbo Rd, Building No.1-401, Yangpu, Shanghai"
"Add your art work to your workplace","Add your art work to your workplace"
"More Info Title",""
"More Info Content",""
"More Info Content1",""
"More Info Content2",""
"More Info Content3",""